file_name,label
001.jpg,flying
002.jpg,standing at elevation
003.jpg,standing at elevation
004.jpg,standing at elevation
005.jpg,flying
006.jpg,standing at elevation
007.jpg,standing at elevation
008.jpg,standing at elevation
009.jpg,standing at elevation
010.jpg,flying
011.jpg,standing at elevation
012.jpg,standing on land
013.jpg,flying
014.jpg,flying
015.jpg,standing on land
016.jpg,standing at elevation
017.jpg,flying
018.jpg,standing at elevation
019.jpg,standing at elevation
020.jpg,standing at elevation
021.jpg,standing at elevation
022.jpg,standing at elevation
023.jpg,flying
024.jpg,standing at elevation
025.jpg,standing at elevation
026.jpg,standing on land
027.jpg,flying
028.jpg,flying
029.jpg,standing at elevation
030.jpg,flying
031.jpg,swimming
032.jpg,standing at elevation
033.jpg,standing at elevation
034.jpg,flying
035.jpg,standing at elevation
036.jpg,flying
037.jpg,standing at elevation
038.jpg,standing on land
039.jpg,flying
040.jpg,standing at elevation
041.jpg,standing at elevation
042.jpg,standing on land
043.jpg,flying
044.jpg,flying
045.jpg,standing on land
046.jpg,standing at elevation
047.jpg,standing at elevation
048.jpg,standing on land
049.jpg,standing on land
050.jpg,standing at elevation
051.jpg,standing on land
052.jpg,standing on land
053.jpg,standing at elevation
054.jpg,standing at elevation
055.jpg,swimming
056.jpg,standing on land
057.jpg,standing on land
058.jpg,standing at elevation
059.jpg,standing at elevation
060.jpg,standing at elevation
061.jpg,standing at elevation
062.jpg,flying
063.jpg,standing at elevation
064.jpg,flying
065.jpg,standing at elevation
066.jpg,standing at elevation
067.jpg,standing on land
068.jpg,standing on land
069.jpg,standing at elevation
070.jpg,standing on land
071.jpg,standing at elevation
072.jpg,standing at elevation
073.jpg,standing at elevation
074.jpg,standing at elevation
075.jpg,flying
076.jpg,standing at elevation
077.jpg,standing at elevation
078.jpg,standing at elevation
079.jpg,standing on land
080.jpg,standing at elevation
081.jpg,standing at elevation
082.jpg,flying
083.jpg,standing at elevation
084.jpg,standing at elevation
085.jpg,standing at elevation
086.jpg,standing at elevation
087.jpg,standing at elevation
088.jpg,standing at elevation
089.jpg,standing at elevation
090.jpg,standing at elevation
091.jpg,swimming
092.jpg,standing at elevation
093.jpg,swimming
094.jpg,standing at elevation
095.jpg,standing at elevation
096.jpg,standing at elevation
097.jpg,flying
098.jpg,flying
099.jpg,standing on land
100.jpg,flying
101.jpg,flying
102.jpg,standing on land
103.jpg,standing on land
104.jpg,standing on land
105.jpg,standing on land
106.jpg,swimming
107.jpg,standing on land
108.jpg,standing at elevation
109.jpg,swimming
110.jpg,standing at elevation
111.jpg,standing on land
112.jpg,flying
113.jpg,standing on land
114.jpg,standing on land
115.jpg,standing on land
116.jpg,standing on land
117.jpg,swimming
118.jpg,standing on land
119.jpg,swimming
120.jpg,flying
121.jpg,swimming
122.jpg,swimming
123.jpg,swimming
124.jpg,swimming
125.jpg,swimming
126.jpg,swimming
127.jpg,swimming
128.jpg,swimming
129.jpg,swimming
130.jpg,swimming
131.jpg,flying
132.jpg,flying
133.jpg,flying
134.jpg,flying
135.jpg,flying
136.jpg,flying
137.jpg,flying
138.jpg,flying
139.jpg,flying
140.jpg,flying
141.jpg,flying
142.jpg,standing on land
143.jpg,standing on land
144.jpg,standing on land
145.jpg,standing on land
146.jpg,standing on land
147.jpg,swimming
148.jpg,swimming
149.jpg,swimming
150.jpg,swimming
151.jpg,swimming
152.jpg,swimming
153.jpg,standing on land
154.jpg,swimming
155.jpg,standing on land
156.jpg,standing on land
157.jpg,standing on land
158.jpg,standing on land
159.jpg,standing on land
160.jpg,standing on land
161.jpg,standing on land
162.jpg,flying
163.jpg,swimming
164.jpg,swimming
165.jpg,swimming
166.jpg,swimming
167.jpg,standing at elevation
168.jpg,swimming
169.jpg,swimming
170.jpg,swimming
171.jpg,swimming
172.jpg,standing on land
173.jpg,swimming
174.jpg,swimming
175.jpg,standing on land
176.jpg,swimming
177.jpg,swimming
178.jpg,swimming
179.jpg,swimming
180.jpg,swimming
